{"Heritage Xperiential Learning, CRPF Rd":"Heritage Xperiential Learning School","AapnoGhar":"Aapno Ghar","Aarvy Healthcare Hospital":"Aarvy Hospital","Aarvy Healthcare Super Speciality":"Aarvy Hospital","Aarvy Healthcare":"Aarvy Hospital","AIPL Business Club Sector 62":"AIPL Business Club","AIPL Business Centre":"AIPL Business Tower","Airia Mall Sector 68":"Airia Mall","IGI Airport":"Indira Gandhi International Airport","Indira Gandhi Intl Airport":"Indira Gandhi International Airport","Indira Gandhi Int. Airport":"Indira Gandhi International Airport","Delhi International Airport":"Indira Gandhi International Airport","International Airport":"Indira Gandhi International Airport","IG International Airport":"Indira Gandhi International Airport","Indira Gandhi Airport":"Indira Gandhi International Airport","IGIA Airport":"Indira Gandhi International Airport","Airport":"Indira Gandhi International Airport","Alpine School":"Alpine Convent School","Aman Hospital & Surgical Centre":"Aman Hospital","Ambience Mall New":"Ambience Mall","Amity University Gurugram":"Amity University","Amity":"Amity University","Apollo":"Apollo Pharmacy","Approved Sector 37 Mero Station":"Sector 37 Mero Station","Appu Ghar Water Park":"Appu Ghar","Aravalli Hill View Point":"Aravalli Hills","Aravali Adventure Hill":"Aravalli Hills","Arc Multi Speciality Hospital":"Arc Hospital","Arc Multi Speciality":"Arc Hospital","Artemis":"Artemis Hospital","Artimis hospital":"Artemis Hospital","Artemis Hospital Gurgaon":"Artemis Hospital","Ascendas OneHub Gurgaon":"Ascendas OneHub Gurgaon Business Park","Badshahpur Sohna Rd Hwy,Sector 48":"Badshapur Sohna Highway","Badshahpur Sohna Hwy":"Badshapur Sohna Highway","Badshahpur Sohna Rd Hwy":"Badshapur Sohna Highway","Badshahpur Sohna Rd Hwy, Sector 68":"Badshapur Sohna Highway","Badshahpur Sohna Rd Hwy, Malibu Town":"Badshapur Sohna Highway","Badshahpur Sohna Rd Hwy, Haryana":"Badshapur Sohna Highway","Badshahpur Sohna Rd Hwy, Rajoria Ngr":"Badshapur Sohna Highway","Badshahpur Sohna Rd Hwy, Raghav Vatika":"Badshapur Sohna Highway","Basai Dhankot":"Basai Dhankot Railway Station","Basai Dhankot Railway Station":"Basai Dhankot Railway Station","Basai Dhancourt Railway Station":"Basai Dhankot Railway Station","BM College of Technology":"BM College of Technology & Mgmt","Cambridge Montessori Preschool":"Cambridge Montessori","Cambridge Pre-School":"Cambridge Montessori","Accenture DDC5":"Candor Techspace","Candor TechSpace, Sector 48":"Candor Techspace","Central Park Flower Valley":"Central Park, Sohna Rd","Central Park Resorts":"Central Park, Sohna Rd","Central Park II Road":"Central Park, Sohna Rd","CK Birla Hospital, Gurgaon":"CK Birla Hospital","Conscient One":"Conscient One Mall","Country Inn":"Country Inn & Suites By Radisson","Country Inn & Suites by Radisson":"Country Inn & Suites By Radisson","Country Inn and Suites by Radisson":"Country Inn & Suites By Radisson","Damdama More":"Damdama Lake","Damdama Lake Rd":"Damdama Lake","De Adventure Park":"De Adventure Amusement Park","Delhi - Jaipur Expressway":"Delhi Jaipur Expressway","Delhi Ajmer Expressway":"Delhi Jaipur Expressway","Delh-Ajmer Expy":"Delhi Jaipur Expressway","Delhi Jaipur Highway":"Delhi Jaipur Expressway","Dharampur Main Road":"Dhanwapur Road","DoubleTree by Hilton Hotel Gurgaon":"DoubleTree by Hilton Hotel","Double Tree by Hilton":"DoubleTree by Hilton Hotel","DPG Degree College":"DPG Institute of Technology","DPGITM Engineering College Sector 34":"DPG Institute of Technology","DPSG Palam Vihar":"DPSG Palam Vihar Gurugram","Dwarka Expy":"Dwarka Expressway","Dwarka Expy, Sector 109":"Dwarka Expressway, Sector 109","Dwarka Expy, Sector 88":"Dwarka Expressway, Sector 88","Dwaraka Expressway":"Dwarka Expressway","Dwarka Expy, Dhanwapur Village":"Dwarka Expressway, Dhanwapur Village","Dwarka expressway":"Dwarka Expressway","Dwarka Expy/Northern Peripheral Rd":"Dwarka Expressway/Northern Peripheral Rd","Dwarka expressway Basai crossing":"Dwarka expressway Basai crossing","Dwarka Expressway Link Road":"Dwarka Expressway Link Road","Dwarka Expy, Block D, New Palam Vihar":"Dwarka Expressway, Block D, New Palam Vihar","Dwarka Sector 21, Metro Station":"Dwarka Sector 21 Metro Station","Dwarka Sector 21":"Dwarka Sector 21 Metro Station","Ektaa Hospitals":"Ektaa Hospital","Ektaa Hospitals  Main Sohna Rd":"Ektaa Hospital","Emerald Plaza":"Emerald Plaza Shopping Mall","Euro Intl School, Sector- 109":"Euro International School, Sector- 109","EuroKids Preschool Suncity":"Euro Kids Preschool Suncity","Euro Intl School, Sector 37D, Gurugram":"Euro International School, Sector 37D","Euro Intl School Sec-51":"Euro International School Sec-51","Euro Int. School":"Euro International School","Euro International School, Sector- 109.":"Euro International School, Sector- 109","Euro Int School, Sector 37D, Gurugram":"Euro International School, Sector 37D, Gurugram","Euro International School, Sec 84":"Euro International School, Sector 84","Faridabad - Gurgaon Road":"Faridabad Gurgaon Road","Faridabad - Gurgaon Rd":"Faridabad Gurgaon Road","Faridabad":"Faridabad Gurgaon Road","Fresco Market":"Frescos","Fun N Food Waterpark":"Fun N Food Water Park","Fun N Food WaterPark":"Fun N Food Water Park","Fun N Food Village":"Fun N Food Water Park","Garhi harsaru railway station Gurgaon":"Garhi Harsaru Junction","GD Goenka High School":"GD Goenka Public School","GD Goenka":"GD Goenka Public School","GD Goenka Signature School":"GD Goenka Public School","GD Goenka School":"GD Goenka Public School","G D Goenka World School":"GD Goenka World School","G D Goenka University":"GD Goenka University","Gd goenka university":"GD Goenka University","GD Goenka University, Gurugram":"GD Goenka University","Genesis Hospital":"Genesis Hospital Sector 84","Global city centre":"Global City Centre Mall","Global City Centre":"Global City Centre Mall","Global Foyer Mall":"Global Foyer Mall,  Palam Vihar","Golden Greens Golf & Resorts":"Golden Greens Golf & Resorts Limited","Golf Course Ext Rd":"Golf Course Extension Road","Golf Course Ext Road":"Golf Course Extension Road","Golf Course Road":"Golf Course Extension Road","Golf Course Extension Rd":"Golf Course Extension Road","Golf Course Extension":"Golf Course Extension Road","Golf Corse Ext. Rd.":"Golf Course Extension Road","Golf Course Extn Road":"Golf Course Extension Road","Golf course extension road":"Golf Course Extension Road","Golf Course Rd":"Golf Course Extension Road","Grand Hyatt":"Grand Hyatt Gurgaon","Green Field School":"Green Field Public School","Gurgaon - Delhi Expy":"Gurgaon - Delhi Expy, Sector 75A","Gurgaon Railway Station":"Gurugram Railway Station","Gurgaon railway station":"Gurugram Railway Station","Gurugram Rd":"Gurugram Road","Gurugram University Kankrola":"Gurugram University","Gurugram University Sector 87":"Gurugram University","HDFC bank ATM":"HDFC Bank ATM","Heritage School":"Heritage Xperiential Learning School","Heritage Intl Xperiential School":"Heritage Xperiential Learning School","Holiday Inn Gurugram Sector 90":"Holiday Inn Express","Holiday Inn Sector 90":"Holiday Inn Express","Holiday Inn Hotel Sector 90":"Holiday Inn Express","Holiday Inn Express Gurugram Sector 50":"Holiday Inn Express","Holiday Inn Express Gurugram":"Holiday Inn Express","Holiday Inn Gurugram":"Holiday Inn Express","Holiday Inn Express Gurugram Sec 50":"Holiday Inn Express","Holiday Inn":"Holiday Inn Express","HP PETROL PUMP Unnamed Rd":"HP PETROL PUMP","Hub 66":"HUB 66","Huda Metro Station":"Huda Metro Station","Huda metro station":"Huda Metro Station","Huda City Centre Metro Station":"Huda Metro Station","Huda City Centre":"Huda Metro Station","Huda Metro Station (Gurugram)":"Huda Metro Station","Huda city center":"Huda Metro Station","HUDA Metro Station":"Huda Metro Station","Huda Metro station":"Huda Metro Station","HUDA Market":"HUDA Market, Sector 14","Hyatt Place":"Hyatt Place Gurgaon Udyog Vihar","Hyatt Regency Gurgaon":"Hyatt Regency Gurugram","Hyatt Regency":"Hyatt Regency Gurugram","Hyatt Regency Hotel":"Hyatt Regency Gurugram","ICICI ATM":"ICICI Bank ATM","IFFCO Chowk":"IFFCO Chowk Metro Station","Iffco Chowk":"IFFCO Chowk Metro Station","Iffco Chowk Metro Station":"IFFCO Chowk Metro Station","iGrow Montessori":"iGrow Montessori Play School","IILM School of Management":"IILM University, Gurugram","IMT Manesar":"Imt Manesar, Gurugram","Imt Manesar":"Imt Manesar, Gurugram","IMT Office Sohna":"IMT Sohna Road","IMT Road":"IMT Sohna Road","IMT Sohna":"IMT Sohna Road","International Tech Park Gurgaon,":"International Tech Park Gurgaon","iON Digital Zone, Gurgaon":"iON Digital Zone (Gurugram)","Iris Broadway Mall":"IRIS Broadway Mall","Iris Broadway Gurugram":"IRIS Broadway Mall","ISKCON":"ISKCON Temple","JMS Marine Square":"JMS Marine Square Mall","Jinga Lala Theme Park Gurgaon Delhi":"Jinaglala Theme Park","K.R. Mangalam University":"K. R. Mangalam University","KFG Sports Club":"KFG sports club Parking","Kidzee":"Kidzee Sec-93","KIIT College of Engineering Sohna Road":"KIIT College of Engineering","KIIT College":"KIIT College of Engineering","KR Mangalam University":"K. R. Mangalam University","KR Mangalam University Sohna":"K. R. Mangalam University","KR Mangalam":"K. R. Mangalam University","Kunskapsskolan School":"Kunskapsskolan International","Lemon Tree Hotel, Sohna Road":"Lemon Tree Hotel","Lemon Tree Hotel Sector 60":"Lemon Tree Hotel","Lemon Tree Hotel,":"Lemon Tree Hotel","Lotus Valley Intl School, Gurgaon":"Lotus Valley International School","Lotus Valley School":"Lotus Valley International School","M3m 65th Avenue Mall":"M3M Cosmopolitan Mall","M3M Cosmopolitan":"M3M Cosmopolitan Mall","M3M IFC":"M3M International Financial Center (IFC)","Manipal Hospital":"Manipal Hospital, Gurugram","Manipal Hospital, Palam Vihar":"Manipal Hospital, Gurugram","Matrikiran School":"Matrikiran High School","Mavens Inn":"Mavens Orange - Hotel","McDonald's India 24 Hours":"McDonald's India","Medanta -The Medicity":"Medanta Hospital","Medanta-The Medicity":"Medanta Hospital","Medanta The Medicity":"Medanta Hospital","Medanta Dialysis Center":"Medanta Hospital","Medanta - The Medicity":"Medanta Hospital","Mehrauli-Gurgaon Rd":"Mehrauli-Gurgaon Road","MG Road":"MG Road Metro Station","Minda Industries Nawada Fatehpur":"Minda Industries Limited","Minda Industries  Corporate Office":"Minda Industries Limited","Miracles Apollo Cradle Hospital":"Miracles Apollo Hospital","Miracles Apollo Cradle":"Miracles Apollo Hospital","Miracles Apollo Cradle Spectra Hospital":"Miracles Apollo Hospital","Miracles Apollo Cradle/Spectra Hospital":"Miracles Apollo Hospital","Miracles Apollo Cradle / Spectra":"Miracles Apollo Hospital","Miracles Apollo Cradle /Spectra Hospital":"Miracles Apollo Hospital","Mount Olympus Junior School":"Mount Olympus School, Sec 79","Nakhrola Stadium":"Nakhrola Stadium Sector 81A","Narayana Junior College":"Narayana e Techno School","Narayana E Techno":"Narayana e Techno School","Narayana e-Techno School - Manesar":"Narayana e Techno School","National Highway  48":"National Highway 48","National Highway-48":"National Highway 48","National Tennis Academy":"National Tennis Academy Sector 98","NH 08":"National Highway 8","NH48":"National Highway 48","NH 48":"National Highway 48","NH -8":"National Highway 8","NH8":"National Highway 8","NH 248A":"National Highway 248A","NH-8 Delhi Jaipur Highway":"National Highway 8","NH-8":"National Highway 8","NH 352W, Pataudi":"National Highway 352W, Pataudi","NH 148A":"National Highway 148A","NH-8, IMT Manesar":"National Highway 8","NH 352W":"National Highway 352W","NH-8, Imt Manesar":"National Highway 8","NH-48":"National Highway 48","NH-8 IMT Manesar":"National Highway 8","NH 48 Gurugram":"National Highway 48","NH 8, Sector 15 Part 2":"National Highway 8","NH 48, Sector 78":"National Highway 48","NH 248 A":"National Highway 248A","NH 248":"National Highway 248A","NH 8":"National Highway 8","NH248A":"National Highway 248A","Omaxe Gurgaon Mall":"Omex City Centre Mall","Omaxe City Centre":"Omex City Centre Mall","Omaxe Celebration Mall":"Omex City Centre Mall","Omaxe City Centre Mall":"Omex City Centre Mall","OMAXE Gurgaon Mall":"Omex City Centre Mall","Palam Vihar Halt":"Palam Vihar Halt Railway Station","Paras Hospitals, Gurgaon":"Paras Hospital","Paras Hospitals":"Paras Hospital","Paras Trinity Mall Sector 63":"Paras Trinity Shopping Mall","Paras Trinity Mall":"Paras Trinity Shopping Mall","Paras Trinity":"Paras Trinity Shopping Mall","Park Hospital, Palam Vihar":"Park Hospital","Park Dr, DLF Phase 5":"Park Hospital","Park Inn":"Park Inn, Gurgaon","Pataudi Rd, Sector 95B":"Pataudi Road","Pataudi road":"Pataudi Road","Pataudi Rd":"Pataudi Road","Pathways":"Pathways School Gurgaon","Patil Station":"Patli Railway Station","Pranavananda Int. School":"Pranavananda International School","Prime Scholars Int. School":"Prime Scholars International School","Proposed Metro corridor":"Proposed Metro Station","Propose Metro Station":"Proposed Metro Station","PVR Drive in Theatre":"PVR Drive In Cinema","PVR Drive In Theater":"PVR Drive In Cinema","Radisson Hotel":"Radisson Hotel Sohna Road","Radisson Hotel Gurugram Sohna Road":"Radisson Hotel Sohna Road","Radisson Hotel Gurugram":"Radisson Hotel Sohna Road","Rajiv Chowk":"Rajiv Chowk - Sohna Highway","Rapid Metro Station Sector 56":"Rapid Metro Sector 55-56","Rapid Metro Sector 56":"Rapid Metro Sector 55-56","Rapid Metro Station Sector 55 56":"Rapid Metro Sector 55-56","Rion's Hospital":"Rions Hospital","Royal Institute Of Science":"Royal Institute Of Science & Management","Royal Institute Of Science and Mgt":"Royal Institute Of Science & Management","RPS International School":"RPS International School Sector 89","Sanjivani Hospital":"Sanjeevani Hospital","Sanjeevani Hospital - Child Specialist":"Sanjeevani Hospital","Sapphire 83 Mall":"Sapphire 83 Mall Sector 83","Sapphire 83":"Sapphire 83 Mall Sector 83","Sapphire Mall":"Sapphire 83 Mall Sector 83","Sapphire 93 Mall":"Sapphire 83 Mall Sector 83","Savoy Suites":"Savoy Suites, Manesar","SCC Rooftop Drive-In":"SCC Drive-In Cinema","Scottish High International School":"Scottish International School","Sealdah":"Sealdah Railway Station","Sector 42-43":"Sector 42/43 Bus Stand","Sector 42-43 Rapid Metro":"Sector 42-43 Rapid Metro Station","Sector 42-43 Metro Station":"Sector 42-43 Rapid Metro Station","Sector 53-54 Metro Station":"Sector 53-54 Metro Station","Sector 54 Chowk Metro Station":"Sector 53-54 Metro Station","Sector 53-54 Rapid Metro":"Sector 53-54 Metro Station","Sector 53 Metro Station":"Sector 53-54 Metro Station","Sector 53-54":"Sector 53-54 Metro Station","Sector 53/54 Metro Station":"Sector 53-54 Metro Station","Sector 55/56 Metro Station":"Sector 55-56 Metro Station","Sector 55 Metro Station":"Sector 55-56 Metro Station","Sector 55-56 Metro station":"Sector 55-56 Metro Station","Sector 55-56 metro":"Sector 55-56 Metro Station","Sector 55-56 Rapid Metro Station":"Sector 55-56 Metro Station","Sector 55-56 Metro":"Sector 55-56 Metro Station","Sector 55-56 Rapid Metro":"Sector 55-56 Metro Station","Sector 55-56 rapid metro station":"Sector 55-56 Metro Station","Sector 55-56 metro station":"Sector 55-56 Metro Station","SGT Hospital 1":"SGT Medical College","Shoppers Stop":"Shoppers Stop Sector 54","Signature Advanced Hospital":"Signature Hospital","Silver Streak Multi Speciality":"Silver Streak Multi Speciality Hospital","Silver Streak Hospital":"Silver Streak Multi Speciality Hospital","SkyJumper Trampoline Park":"SkyJumper Trampoline Park Gurgaon","Sohna Rd":"Sohna Road","Southern Peripheral Rd":"Southern Peripheral Road","Southern Peripheral Rd, Gurugram":"Southern Peripheral Road","Southern Peripheral Rd, Dhani":"Southern Peripheral Road","Southern Periphery Road":"Southern Peripheral Road","Spaze Itech Park":"Spaze Business Park","SS Omnia, Sector 86":"SS Omnia Mall","St. Xavier's High School":"St Xavier High School","St. Xavier's School":"St Xavier High School","Suncity School":"Suncity School Gurgaon","Suncity School, Sector 37D":"Suncity School Gurgaon","Suncity Market":"Suncity Shopping Complex","Surajgarh Gurgaon, Golf Course Ext Rd":"Surajgarh Gurgaon","Swastik Hospital Sec 66":"Swastik Multispeciality Hospital","Swastik Hospital":"Swastik Multispeciality Hospital","Taj Hotel & Family Restaurant":"Taj City Centre Gurugram","Taj":"Taj City Centre Gurugram","Taj City Centre Hotel":"Taj City Centre Gurugram","Tau DeviLal Sports Complex":"Tau Devi Lal Sports Complex","The Hive":"The Hive Shopping Mall","The Millenium School":"The Millennium School","The Oberoi":"The Oberoi, Gurgaon","The Oberoi Gurgaon":"The Oberoi, Gurgaon","The Signature Advanced Super Speciality":"The Signature Super Speciality Hospital","The Westin Hotel":"The Westin Hotel Gurgaon","The Westin Gurgaon":"The Westin Hotel Gurgaon","Vardaan Hospital":"Vardaan Hospital & Trauma Centre","Vardaan hospital and trauma centre":"Vardaan Hospital & Trauma Centre","Vardaan Hospital and Trauma Centre":"Vardaan Hospital & Trauma Centre","Vatika Business Centre":"Vatika Business Park Sector 49","Vatika Business Park":"Vatika Business Park Sector 49","VATIKA BUSINESS PARK Sohna Rd":"Vatika Business Park Sector 49","Vatika City Centre":"Vatika City Centre Mall","Vatika Town Square-INXT":"Vatika Town Square-INXT Mall","Vatika Town Square":"Vatika Town Square-INXT Mall","Vega Schools NH-8":"Vega Schools Sector 48","Vega School":"Vega Schools Sector 48","Vipul Trade Business Centre":"Vipul Trade Centre","Vivanta Dwarka New Delhi":"Vivanta New Delhi, Dwarka","Western Peripheral Expy, Gurugram":"Western Peripheral Expressway","WorldMark Gurgaon":"WorldMark Gurgaon, Maidawas Rd","Bharat Petroleum Petrol Pump":"Bharat Petrol Pump","CANARA BANK":"Canara Bank","Delhi Public School":"DPS International School","DPS International Edge":"DPS International School","DPS":"DPS International School"}